"","lower","est.","upper","numDF","denDF","F-value","p-value","Model","AAPC","explower","expupper","Drug"
"1",0.165378621562686,0.1986655079532,0.231952394343714,1,198,138.522434639158,0,"UMIC",21.9773892989007,17.9839746923218,26.1059693824998,"Gabapentinoids"
"2",0.114899812078372,0.129597052420329,0.144294292762286,1,376,300.618167462202,0,"HIC",13.8369587625416,12.1761045034179,15.5224032575472,"Gabapentinoids"
"3",0.156621578547603,0.197262097431172,0.23790261631474,1,59,94.332419929261,0.0000000000000758282325818982,"LMIC",21.8063250120959,16.9552946224158,26.8585647263949,"Gabapentinoids"
"4",0.0744601377775039,0.118791505601278,0.163122873425053,1,192,27.9342459858895,0.000000339139411886791,"UMIC",12.6135100949402,7.73023989984041,17.7181325103685,"Gabapentin"
"5",0.0536297682458208,0.0683037101013775,0.0829776519569343,1,376,83.7705888308275,0,"HIC",7.0690438605276,5.50939005688447,8.65175267364344,"Gabapentin"
"6",0.0149213206206003,0.0564466524718933,0.0979719843231864,1,59,7.39847703984909,0.00856273457549306,"LMIC",5.80701678665683,1.50331992916928,10.2931885292424,"Gabapentin"
"7",0.204680273682035,0.260461169107265,0.316242064532495,1,195,84.8044616125291,0,"UMIC",29.7528328690792,22.7132655629086,37.196231885137,"Pregabalin"
"8",0.142514168975127,0.170644842550059,0.198775516124991,1,370,142.287950003424,0,"HIC",18.6069432814134,15.3169420070446,21.9908085465972,"Pregabalin"
"9",0.195102233116277,0.250754008698493,0.306405784280708,1,59,81.2886460474118,0.0000000000010742517986273,"LMIC",28.4993948115684,21.543523787032,35.8533466239776,"Pregabalin"
